{
  "version": 1,
  "author": "кто там",
  "editor": "wokwi",
  "parts": [
    { "type": "wokwi-arduino-uno", "id": "uno", "top": -57, "left": -96.6, "attrs": {} },
    {
      "type": "wokwi-lcd1602",
      "id": "lcd1",
      "top": -12.8,
      "left": 168.8,
      "attrs": { "pins": "i2c" }
    },
    { "type": "wokwi-ky-040", "id": "encoder1", "top": -123.1, "left": -87.2, "attrs": {} },
    {
      "type": "wokwi-buzzer",
      "id": "bz1",
      "top": -7.2,
      "left": -36.6,
      "attrs": { "volume": "0.1" }
    }
  ],
  "connections": [
    [ "lcd1:SCL", "uno:A5", "green", [ "h0" ] ],
    [ "lcd1:SDA", "uno:A4", "green", [ "h0" ] ],
    [ "lcd1:VCC", "uno:5V", "red", [ "h0" ] ],
    [ "lcd1:GND", "uno:GND.2", "black", [ "h0" ] ],
    [ "encoder1:CLK", "uno:A3", "green", [ "h0" ] ],
    [ "encoder1:DT", "uno:A2", "green", [ "h0" ] ],
    [ "encoder1:VCC", "uno:3.3V", "red", [ "h0" ] ],
    [ "encoder1:GND", "uno:GND.2", "black", [ "h0" ] ],
    [ "bz1:1", "uno:GND.2", "green", [ "v0" ] ],
    [ "encoder1:SW", "uno:A1", "green", [ "h0" ] ],
    [ "bz1:2", "uno:8", "green", [ "v-96", "h76.4" ] ]
  ],
  "dependencies": {}
}